BOOKS,AUTHOR,PUBLISHERS
Harry Potter and the Sorcerer's Stone (Book 1),J. K. Rowling,A & C Black
Harry Potter and the Chamber of Secrets,J. K. Rowling,A. C. McClurg
Harry Potter and the Half-Blood Prince,J. K. Rowling,A. S. Barnes
Harry Potter and the Prisoner of Azkaban,J. K. Rowling,Abilene Christian University Press
Harry Potter and the Order of the Phoenix,J. K. Rowling,Ablex Publishing
Harry Potter and the Goblet of Fire,J. K. Rowling,Academic Press
Harry Potter and the Deathly Hallows,J. K. Rowling,Ace Books
The Hobbit,J. R. R. Tolkien,Addison Wesley
1984,George Orwell,Adis International
The Da Vinci Code,Dan Brown,Airiti Press
Pride and Prejudice,Jane Austen,Akashic Books
To Kill a Mockingbird,Harper Lee,Aladdin Paperbacks
The Catcher in the Rye,J. D. Salinger,Alfred A. Knopf
The Great Gatsby,F. Scott Fitzgerald,Allen & Unwin
Twilight,Stephenie Meyer,Allison and Busby
The Hunger Games,Suzanne Collins,Alyson Books
Animal Farm,George Orwell,American Graphics Institute
Jane Eyre,Charlotte Brontë,André Deutsch
Brave New World,Aldous Huxley,Andrews McMeel Publishing
The Lord of the Rings,J. R. R. Tolkien,Anova Books 
New Moon,Stephenie Meyer,Anvil Press Poetry
Angels & Demons,Dan Brown,Applewood Books
The Fellowship of the Ring,J. R. R. Tolkien,Apress
The Curious Incident of the Dog in the Night-Time,Mark Haddon,Arbor House
Fahrenheit 451,Ray Bradbury,Arbordale Publishing
Wuthering Heights,Emily Brontë,Arcade Publishing
Life of Pi,Yann Martel,Arcadia Publishing
Lord of the Flies,William Golding,Arkham House
Eclipse,Stephenie Meyer,Armida Publications
The Time Traveler's Wife,Audrey Niffenegger,ArtScroll
The Odyssey,Homer,Athabasca University Press
One Hundred Years of Solitude,Gabriel Garcia Marquez,Atheneum Books
Slaughterhouse-Five,"Kurt Vonnegut, Jr.",Atheneum Publishers
The Two Towers,J. R. R. Tolkien,Atlantic Books
The Girl With The Dragon Tattoo,Stieg Larsson,Atlas Press
Catching Fire,Suzanne Collins,ATOM Books
The Return of the King,J. R. R. Tolkien,Atria Publishing Group
Crime and Punishment,Fyodor Dostoevsky,Augsburg Fortress
Ender's Game,Orson Scott Card,Aunt Lute Books
Breaking Dawn,Stephenie Meyer,Austin Macauley Publishers
Catch-22,Joseph Heller,Avon Publications
Memoirs of a Geisha,Arthur Golden,Arihant Publishers
The Lovely Bones,Alice Sebold,B & W Publishing
The Book Thief,Markus Zusak,Baen Books
The Adventures of Huckleberry Finn,Mark Twain,Baker Book House
"The Lion, the Witch and the Wardrobe",C. S. Lewis,Ballantine Books
Mockingjay,Suzanne Collins,Banner of Truth Trust
The Hitchhiker's Guide to the Galaxy,Douglas Adams,Bantam Books
A Game of Thrones,George R. R. Martin,Bantam Spectra
The Little Prince,Antoine de Saint-Exupéry,Barrie & Jenkins
Of Mice and Men,John Steinbeck,Basic Books
Anna Karenina,Leo Tolstoy,BBC Books
American Gods,Neil Gaiman,Beacon Publishing
Sense and Sensibility,Jane Austen,Belknap Press
"The Golden Compass (His Dark Materials, Book 1)",Philip Pullman,Bella Books
Emma,Jane Austen,Bellevue Literary Press
The Alchemist,Paulo Coelho,Berg Publishers
Great Expectations,Charles Dickens,Berkley Books
Dune,Frank Herbert,Bison Books
The Giver,Lois Lowry,Black Dog Publishing
Frankenstein,Mary Shelley,Black Library
The Picture of Dorian Gray,Oscar Wilde,Black Sparrow Books
The Iliad,Homer,Blackie and Son Limited
The Road,Cormac McCarthy,Blackstaff Press
The Handmaid's Tale,Margaret Atwood,Blackwell Publishing
The Stranger,Albert Camus,Blake Publishing
The Chronicles of Narnia,C. S. Lewis,Bloodaxe Books
A Wrinkle in Time,Madeleine L'Engle,Bloomsbury Publishing Plc
The Grapes of Wrath,John Steinbeck,Blue Ribbon Books
The Scarlet Letter,Nathaniel Hawthorne,Bobbs-Merrill Company
A Tale of Two Cities,Charles Dickens,Bogle-L'Ouverture Publications
Lolita,Vladimir Nabokov,Book League of America
Good Omens,Terry Pratchett,Book Works
The Kite Runner,Khaled Hosseini,Booktrope
The Silmarillion,J. R. R. Tolkien,Borgo Press
Water for Elephants: A Novel,Sara Gruen,Boundless
Moby Dick,Herman Melville,Bowes & Bowes
The Complete Works of William Shakespeare,William Shakespeare,Boydell & Brewer
A Thousand Splendid Suns,Khaled Hosseini,Broadside Lotus Press
Middlesex,Jeffrey Eugenides,Breslov Research Institute
The Girl Who Played With Fire,Stieg Larsson,Brill Publishers
Wicked,Gregory Maguire,Brimstone Press
Eragon,Christopher Paolini,Broadview Press
Dracula,Bram Stoker,Burns & Oates
Hamlet,William Shakespeare,Butterworth-Heinemann
On the Road,Jack Kerouac,ABP Group
The Secret Life of Bees,Sue Monk Kidd,Caister Academic Press UK
The Help,Kathryn Stockett,Cambridge University Press UK
Charlotte's Web,E. B. White,Candlewick Press
Atonement,Ian McEwan,Candy Jar Books
Jonathan Strange & Mr. Norrell: A Novel,Susanna Clarke,Canongate Books
The Poisonwood Bible,Barbara Kingsolver,"Carcanet Press, Manchester"
The Secret Garden,Frances Hodgson Burnett,Carlton Books UK
The Shadow of the Wind,Carlos Ruiz Zafón,Carlton Publishing Group UK
Love in The Time of Cholera,Gabriel Garcia Marquez,Carnegie Mellon University Press
Freakonomics: A Rogue Economist Explores the Hidden Side of Everything,Steven D. Levitt,Casemate Publishers
The Old Man and The Sea,Ernest Hemingway,Cassava Republic Press
The Brothers Karamazov,Fyodor Dostoevsky,Cassell
The Bell Jar,Sylvia Plath,Cengage Learning
Neverwhere,Neil Gaiman,Central European University Press
A Clash of Kings,George R. R. Martin,Century
Treasure Island,Robert Louis Stevenson,Chambers Harrap
Siddhartha,Hermann Hesse,Charles Scribner's Sons
The Pillars of the Earth,Ken Follett,Chatto and Windus
Persuasion,Jane Austen,Chick Publications
The Adventures of Tom Sawyer,Mark Twain,Chronicle Books
Don Quixote,Miguel de Cervantes Saavedra,Churchill Livingstone
War and Peace,Leo Tolstoy,Cisco Press
A Clockwork Orange,Anthony Burgess,City Lights Publishers
Romeo and Juliet,William Shakespeare,Cloverdale Corporation
The Subtle Knife,Philip Pullman,Cold Spring Harbor Laboratory Press
Anne Frank: The Diary of a Young Girl,Anne Frank,Collector's Guide Publishing
Madame Bovary,Gustave Flaubert,Collins
The Girl Who Kicked The Hornet's Nest,Stieg Larsson,Columbia University Press
"Guns, Germs, and Steel: The Fates of Human Societies",Jared Diamond,Concordia Publishing House
The Kite Runner,Khaled Hosseini,Constable & Co Ltd
Night,Elie Wiesel,Continuum International Publishing Group
One Flew Over the Cuckoo's Nest,Ken Kesey,Copper Canyon Press
The Magician's Nephew,C. S. Lewis,Cork University Press
The Amber Spyglass,Philip Pullman,Cornell University Press
Watership Down,Richard Adams,Coronet Books
Me Talk Pretty One Day,David Sedaris,Craftsman Book Company
Angela's Ashes,Frank McCourt,CRC Press
"Eat, Pray, Love",Elizabeth Gilbert,Cresset Press
The Historian,Elizabeth Kostova,Crocker & Brewster
Interview with the Vampire,Anne Rice,Crown Publishing Group
Atlas Shrugged,Ayn Rand,Jaypee Brothers
The Unbearable Lightness of Being,Milan Kundera,D. Appleton & Company
Ulysses,James Joyce,D. Reidel
Macbeth,William Shakespeare,Da Capo Press
Neuromancer,William Gibson,Daedalus Publishing
A Short History of Nearly Everything,Bill Bryson,Dalkey Archive Press
My Sister's Keeper,Jodi Picoult,Darakwon Press
The Tipping Point: How Little Things Can Make a Big Difference,Malcolm Gladwell,David & Charles
The Sun Also Rises,Ernest Hemingway,DAW Books
Gone With the Wind,Margaret Mitchell,Dedalus Books
Cat's Cradle,"Kurt Vonnegut, Jr.",Del Rey Books
The Princess Bride,William Goldman,Delacorte Press
Mere Christianity,C. S. Lewis,Deseret Book
Les Misérables,Victor Hugo,Dick and Fitzgerald
A Storm Of Swords,George R. R. Martin,Directmedia Publishing
The Lightning Thief,Rick Riordan,DNA Publications
In Cold Blood,Truman Capote,Dobson Books
Alice's Adventures in Wonderland and Through the Looking Glass,Lewis Carroll,"Dodd, Mead and Company"
Holes,Louis Sachar,Dorchester Publishing
Alice's Adventures in Wonderland,Lewis Carroll,Dorling Kindersley
Blink: The Power of Thinking Without Thinking,Malcolm Gladwell,Doubleday
A Feast For Crows,George R. R. Martin,Douglas & McIntyre
Heart of Darkness,Joseph Conrad,Dove Medical Press
A Confederacy of Dunces,John Kennedy Toole,Dover Publications
The Count of Monte Cristo,Alexandre Dumas père,Dundurn Group
Stardust,Neil Gaiman,Gita Press
Prince Caspian,C. S. Lewis,E. P. Dutton
Beowulf,Beowulf Poet,Earthscan
Deception Point,Dan Brown,ECW Press
A Farewell to Arms,Ernest Hemingway,Eel Pie Publishing
Anansi Boys,Neil Gaiman,Eerdmans Publishing
The Inferno,Dante Alighieri,Elliot Stock
East of Eden,John Steinbeck,Ellora's Cave
Digital Fortress,Dan Brown,Elsevier
Mansfield Park,Jane Austen,Emerald Group Publishing
A Portrait of the Artist as a Young Man,James Joyce,Etruscan Press
Never Let Me Go,Kazuo Ishiguro,Europa Press
Anne of Green Gables,L. M. Montgomery,Everyman's Library
The Voyage of the Dawn Treader,C. S. Lewis,Ewha Womans University Press
Outlander,Diana Gabaldon,Exact Change
Beloved,Toni Morrison,Express Publishing
The Horse and His Boy,C. S. Lewis,Tata Publishers
Oliver Twist,Charles Dickens,Faber and Faber
Robinson Crusoe,Daniel Defoe,FabJob
The Colour of Magic,Terry Pratchett,Fairview Press
Where the Wild Things Are,Maurice Sendak,"Farrar, Straus & Giroux"
Eldest,Christopher Paolini,Fearless Books
The Fountainhead,Ayn Rand,Felony & Mayhem Press
The Prince,Niccolò Machiavelli,Firebrand Books
The Canterbury Tales,Geoffrey Chaucer,Flame Tree Publishing
Gulliver's Travels,Jonathan Swift,Focal Press
Snow Crash,Neal Stephenson,Folio Society
Charlie and the Chocolate Factory,Roald Dahl,Forum Media Group
The Gunslinger,Stephen King,Four Courts Press
"The Devil in the White City: Murder, Magic, and Madness at the Fair that Changed America",Erik Larson,Four Walls Eight Windows
The Amazing Adventures of Kavalier & Clay,Michael Chabon,"Frederick Fell Publishers, Inc."
The Aeneid,Virgil,Frederick Warne & Co
The Elements of Style,William Jr. Strunk,Free Press
The Shining,Stephen King,Fulcrum Press
Northanger Abbey,Jane Austen,Funk & Wagnalls
Little Women,Louisa May Alcott,Indian Books Center
Fight Club,Chuck Palahniuk,G. P. Putnam's Sons
The Graveyard Book,Neil Gaiman,G-Unit Books
The Glass Castle: A Memoir,Jeannette Walls,Gaspereau Press
"Tuesdays with Morrie: An Old Man, a Young Man, and Life's Greatest Lesson",Mitch Albom,Gay Men's Press
The God of Small Things,Arundhati Roy,Gefen Publishing House
Candide,Voltaire,George H. Doran Company
The Lost Symbol,Dan Brown,George Newnes
A Prayer for Owen Meany,John Irving,George Routledge & Sons
The Stand: The Complete and Uncut Edition,Stephen King,Godwit Press
The Silver Chair,C. S. Lewis,Golden Cockerel Press
A Christmas Carol,Charles Dickens,The Good Book Company (UK)
The Republic,Plato,Good News Publishers
The Name of the Rose,Umberto Eco,Goops Unlimited
A Brief History of Time: From the Big Bang to Black Holes,Stephen Hawking,Goose Lane Editions
Mrs. Dalloway,Virginia Woolf,Grafton
The Trial,Franz Kafka,Graywolf Press
Watchmen,Alan Moore,Greenery Press
David Copperfield,Charles Dickens,Greenleaf Book Group
Coraline,Neil Gaiman,Greenleaf Publishing Ltd
The Ultimate Hitchhiker's Guide,Douglas Adams,Greenwillow Books
The Memory Keeper's Daughter,Kim Edwards,Greenwood Publishing Group
The Three Musketeers,Alexandre Dumas,Gregg Press
Zen and the Art of Motorcycle Maintenance: An Inquiry Into Values,Robert M. Pirsig,Grosset & Dunlap
The Five People You Meet in Heaven,Mitch Albom,Grove Press / Atlantic Monthly Press
The Last Battle,C. S. Lewis,Prakashan
Sophie's World,Jostein Gaarder,Hachette Book Group USA
Girl with a Pearl Earring,Tracy Chevalier,Hackett Publishing Company
Bridget Jones's Diary,Helen Fielding,Hamish Hamilton
Jurassic Park,Michael Crichton,Happy House
Foundation,Isaac Asimov,Harcourt Assessment
The Guernsey Literary and Potato Peel Pie Society,Mary Ann Shaffer,Harcourt Trade Publishers
Tess of the d'Urbervilles,Thomas Hardy,Harlequin Enterprises Ltd
Dubliners,James Joyce,Harper & Brothers
The Wind in the Willows,Kenneth Grahame,Harper & Row
The Restaurant at the End of the Universe,Douglas Adams,HarperCollins Publishers
Cryptonomicon,Neal Stephenson,HarperPrism
Foucault's Pendulum,Umberto Eco,HarperTrophy
The Fault in Our Stars,John Green,"Harry N. Abrams, Inc."
The Art of War,Sun Tzu,Harvard University Press
Artemis Fowl,Eoin Colfer,Harvest House
The Red Tent,Anita Diamant,Harvill Press at Random House
The Confessions,Augustine,Hawthorne Books
The Master and Margarita,Mikhail Bulgakov,Hay House
Things Fall Apart,Chinua Achebe,Haynes Manuals (UK)
The Thirteenth Tale,Diane Setterfield,Heinemann
The Wind-Up Bird Chronicle,Haruki Murakami,Herbert Jenkins
The Corrections,Jonathan Franzen,Heyday Books
The Tales of Beedle the Bard,J. K. Rowling,HMSO
Perfume: The Story of a Murderer,Patrick Süskind,Hodder & Stoughton
Rebecca,Daphne du Maurier,Hodder Headline
The Perks of Being a Wallflower,Stephen Chbosky,Hogarth Press
The Color Purple,Alice Walker,Holland Park Press
A Heartbreaking Work of Staggering Genius,Dave Eggers,Holt McDougal
The Bad Beginning,Lemony Snicket,Hoover Institution Press
The Joy Luck Club,Amy Tan,Horizon Scientific Press (UK)
For Whom the Bell Tolls,Ernest Hemingway,Houghton Mifflin
It,Stephen King,House of Anansi Press
The God Delusion,Richard Dawkins,The House of Murky Depths (UK)
A Midsummer Night's Dream,William Shakespeare,Howell-North Books
Divergent,Veronica Roth,Huffington Post
The Wonderful Wizard of Oz,L. Frank Baum,Humana Press
Matilda,Roald Dahl,Hutchinson
Kafka on the Shore,Haruki Murakami,Hyperion
The Divine Comedy,Dante Alighieri,Balbharati
The Host,Stephenie Meyer,Ian Allan Publishing
Extremely Loud and Incredibly Close,Jonathan Safran Foer,IGI Global[1]
The Mists of Avalon,Marion Zimmer Bradley,Ignatius Press
The Blind Assassin,Margaret Atwood,Imperial War Museum
The Plague,Albert Camus,Indiana University Press
Bridge to Terabithia,Katherine Paterson,Informa Healthcare
The Eyre Affair,Jasper Fforde,Information Age Publishing
The World According to Garp,John Irving,Insomniac Press Canada
Breakfast of Champions,"Kurt Vonnegut, Jr.",International Association of Engineers
The Other Boleyn Girl,Philippa Gregory,International Universities Press
To the Lighthouse,Virginia Woolf,Inter-Varsity Press
The Secret History,Donna Tartt,InterVarsity Press
Cloud Atlas: A Novel,David Mitchell,Ishi Press
Oryx and Crake,Margaret Atwood,Islamic Texts Society
Where the Sidewalk Ends: Poems and Drawings,Shel Silverstein,Island Press
Into the Wild,Jon Krakauer,Ivyspring International Publisher
High Fidelity,Nick Hornby,Penguin Books India
A Walk in the Woods: Rediscovering America on the Appalachian Trail,Bill Bryson,J. M. Dent
Running With Scissors,Augusten Burroughs,Jaico Publishing House
"Eats, Shoots & Leaves: The Zero Tolerance Approach to Punctuation",Lynne Truss,Jarrolds Publishing
The Outsiders,S. E. Hinton,John Lane
On Writing,Stephen King,John Murray
Do Androids Dream of Electric Sheep?,Philip K. Dick,John Wiley & Sons (Wiley)
Gone Girl,Gillian Flynn,Jones and Bartlett Learning
Inkheart,Cornelia Funke,Wiley
Their Eyes Were Watching God,Zora Neale Hurston,Karadi Tales
All Quiet on the Western Front,Erich Maria Remarque,Kensington Books
Dead Until Dark,Charlaine Harris,Kessinger Publishing
The Sound and the Fury,William Faulkner,Kluwer Academic Publishers
Tao Te Ching,Lao Tzu,Kodansha
Speaker for the Dead,Orson Scott Card,Kogan Page
Middlemarch,George Eliot,Koren Publishers Jerusalem
The Eye of the World,Robert Jordan,KTAV Publishing House
Everything Is Illuminated,Jonathan Safran Foer,Kumarian Press
Franny and Zooey,J. D. Salinger,S Chand Group
The Very Hungry Caterpillar,Eric Carle,Ladybird Books
And Then There Were None,Agatha Christie,Leaf Books
The Time Machine,H. G. Wells,Leafwood Publishers
James and the Giant Peach,Roald Dahl,Left Book Club
"Life, the Universe and Everything",Douglas Adams,Legend Books
The Sea of Monsters,Rick Riordan,Legend Press
City of Bones,Cassandra Clare,Lethe Press
The Pilgrim's Progress,John Bunyan,Libertas Academica
Green Eggs and Ham,Dr. Seuss,Liberty Fund
The Once and Future King,T. H. White,Library of America
Dress Your Family in Corduroy and Denim,David Sedaris,Lion Hudson
The Martian Chronicles,Ray Bradbury,Lion Publishing
The Idiot,Fyodor Dostoevsky,Lionel Leventhal
The War of the Worlds,H. G. Wells,Lippincott Williams & Wilkins
Norwegian Wood,Haruki Murakami,"Little, Brown and Company"
Looking for Alaska,John Green,Liverpool University Press
Mort,Terry Pratchett,Llewellyn Worldwide
The 7 Habits of Highly Effective People,Stephen R. Covey,Longman
The Screwtape Letters (with Screwtape Proposes a Toast),C. S. Lewis,LPI Media
A Tree Grows in Brooklyn,Betty Smith,Lutterworth Press
Othello,William Shakespeare,Hachette India
Invisible Man,Ralph Ellison,Macmillan Publishers
Fear and Loathing in Las Vegas,Hunter S. Thompson,Mainstream Publishing
The Drawing Of The Three,Stephen King,Manchester University Press
Little Women,Louisa May Alcott,Mandrake of Oxford
The Notebook,Nicholas Sparks,Mandrake Press
His Dark Materials,Philip Pullman,Manning Publications
The BFG,Roald Dahl,Manor House Publishing
Number the Stars,Lois Lowry,Mapin Publishing
The Giving Tree,Shel Silverstein,Marion Boyars Publishers
The Phantom Tollbooth,Norton Juster,Mark Batty Publisher
Island of the Blue Dolphins,Scott O'Dell,Marshall Cavendish
The No. 1 Ladiesʼ Detective Agency,Alexander McCall Smith,Marshall Pickering
The Shipping News,E. Annie Proulx,Martinus Nijhoff Publishers
The Cat in the Hat,Dr. Seuss,Matthias Media
The Call of the Wild,Jack London,McClelland and Stewart
"So Long, and Thanks for All the Fish",Douglas Adams,McFarland & Company
The Omnivore's Dilemma: A Natural History of Four Meals,Michael Pollan,McGraw-Hill Education
Dune Messiah,Frank Herbert,McGraw Hill Financial
The Strange Case of Dr. Jekyll and Mr. Hyde,Robert Louis Stevenson,Medknow Publications
The Light Fantastic,Terry Pratchett,Melbourne University Publishing
She's Come Undone,Wally Lamb,Mercier Press
The Vampire Lestat,Anne Rice,Methuen Publishing
The Remains of the Day,Kazuo Ishiguro,Michael Joseph
Cold Mountain,Charles Frazier,Michael O'Mara Books
Fast Food Nation,Eric Schlosser,Michigan State University Press
Naked,David Sedaris,Microsoft Press
Salem's Lot,Stephen King,The Miegunyah Press
The World is Flat: A Brief History of the Twenty-First Century,Thomas L. Friedman,Miles Kelly Publishing
Dirk Gently's Holistic Detective Agency,Douglas Adams,Mills & Boon
Reading Lolita in Tehran,Azar Nafisi,Minerva Press
As I Lay Dying,William Faulkner,Mirage Publishing (UK)
The Reader,Bernhard Schlink,MIT Press
White Teeth,Zadie Smith,Mkuki na Nyota
Vanity Fair,William Makepeace Thackeray,Modern Library
Peter Pan,J. M. Barrie,Morgan James Publishing
Outliers: The Story of Success,Malcolm Gladwell,Mother Tongue Publishing
Three Cups of Tea: One Man's Mission to Promote Peace ... One School at a Time,Greg Mortenson,Mycroft & Moran
Midnight's Children,Salman Rushdie,Myriad Editions
Uncle Tom's Cabin,Harriet Beecher Stowe,Naiad Press
The Name of the Wind,Patrick Rothfuss,Nauka
The Titan's Curse,Rick Riordan,NavPress
Bel Canto,Ann Patchett,New American Library
Speak,Laurie Halse Anderson,New Beacon Books
World War Z: An Oral History of the Zombie War,Max Brooks,New Directions Publishing
Possession: A Romance,A. S. Byatt,New English Library
Equal Rites,Terry Pratchett,New Holland Publishers
"20,000 Leagues Under the Sea",Jules Verne,New Village Press
Midnight in the Garden of Good and Evil,John Berendt,Newnes
A Wizard of Earthsea,Ursula K. Le Guin,No Starch Press
"Gödel, Escher, Bach: An Eternal Golden Braid",Douglas Hofstadter,Nonesuch Press
Choke,Chuck Palahniuk,Noontide Press
The Crucible,Arthur Miller,Northwestern University Press
Snow Falling on Cedars: A Novel,David Guterson,NRC Research Press
Goodnight Moon,Margaret Wise Brown,NYRB Classics
The House of the Spirits,Isabel Allende,Oberon Books
Guards! Guards!,Terry Pratchett,Open Court Publishing Company
A People's History of the United States,Howard Zinn,Open University Press
The Hours,Michael Cunningham,Orchard Books
Into Thin Air: A Personal Account of the Mt. Everest Disaster,Jon Krakauer,O'Reilly Media
The Good Earth,Pearl S. Buck,Orion Books
King Lear,William Shakespeare,Orion Publishing Group
American Psycho,Bret Easton Ellis,Osprey Publishing
The Shack,William P. Young,Other Press
"I, Robot",Isaac Asimov,The Overlook Press
Timeline,Michael Crichton,Oxford University Press (UK)
Uglies,Scott Westerfeld,Packt Publishing
Storm Front,Jim Butcher,Palgrave Macmillan
Hatchet,Gary Paulsen,Pan Books
Flowers for Algernon,Daniel Keyes,Pantheon Books at Random House
Lady Chatterley's Lover,D. H. Lawrence,Papadakis Publisher
The Waste Lands,Stephen King,Parachute Publishing
Brisingr,Christopher Paolini,Parragon
House of Leaves,Mark Z. Danielewski,Pathfinder Press
The Namesake,Jhumpa Lahiri,Paulist Press
Around the World in Eighty Days,Jules Verne,Pavilion Books
The Battle Of The Labyrinth,Rick Riordan,Peace Hill Press
The Virgin Suicides,Jeffrey Eugenides,Pecan Grove Press
Misery,Stephen King,Pen and Sword Books
Steppenwolf,Hermann Hesse,Penguin Books UK
The Age of Innocence,Edith Wharton,Penguin Random House UK
Room,Emma Donoghue,Penguin Putnam Inc. (USA)
My Ántonia,Willa Cather,Penn State University Press
The Left Hand of Darkness,Ursula K. Le Guin,Persephone Books
Bleak House,Charles Dickens,Perseus Books Group
Antigone / Oedipus at Colonus / Oedipus Rex,Sophocles,Peter Lang
The Long Dark Tea-Time of the Soul,Douglas Adams,Peter Owen Publishers
The Clan of the Cave Bear,Jean M. Auel,Phaidon Press
Black Beauty,Anna Sewell,Philosophy Documentation Center
A Dance With Dragons,George R. R. Martin,Philtrum Press
The Cider House Rules,John Irving,Picador UK
The Brief Wondrous Life of Oscar Wao,Junot Diaz,Pimlico Books at Random House
The Devil Wears Prada,Lauren Weisberger,Playwrights Canada Press
On the Origin of Species,Charles Darwin,Pluto Press
The Communist Manifesto,Karl Marx,Point Blank
Children of Dune,Frank Herbert,Poisoned Pen Press
The Things They Carried,Tim O'Brien,Policy Press
Carrie,Stephen King,Polity
The Hound of the Baskervilles,Sir Arthur Conan Doyle,Practical Action
The Great Hunt,Robert Jordan,Prentice Hall
From the Mixed-Up Files of Mrs. Basil E. Frankweiler,E. L. Konigsburg,Prime Books
The Prophet,Kahlil Gibran,Princeton University Press
Wizard And Glass,Stephen King,Profile Books
The Purpose Driven Life,Rick Warren,Progress Publishers
Collapse: How Societies Choose to Fail or Succeed,Jared Diamond,Prometheus Books
Nine Stories,J. D. Salinger,Puffin Books
Mostly Harmless,Douglas Adams,Que Publishing
A Little Princess,Frances Hodgson Burnett,Quebecor
John Adams,David McCullough,Quirk Books
Dragonfly in Amber,Diana Gabaldon,Random House
One For The Money,Janet Evanovich,Reed Elsevier
A Separate Peace,John Knowles,Reed Publishing - previously A.H. & A.W. Reed
Blindness,José Saramago,Remington & Co
Tender is the Night,F. Scott Fitzgerald,Riverhead Books
Waiting for Godot,Samuel Beckett,Robert Hale Publishing
2001: A Space Odyssey,Arthur C. Clarke,Robson Books
Snow Flower and the Secret Fan: A Novel,Lisa See,Rock Scorpion Books
The Reptile Room,Lemony Snicket,Rodopi
Wyrd Sisters,Terry Pratchett,Routledge Kegan Paul
Foundation and Empire,Isaac Asimov,Rowman & Littlefield
A Passage to India,E. M. Forster,Royal Society of Chemistry
Walden,Henry David Thoreau,Russell Square Publishing
One Day in the Life of Ivan Denisovich,Alexander Solzhenitsyn,SAGE Publications
Interpreter of Maladies,Jhumpa Lahiri,St. Martin's Press
The Night Circus,Erin Morgenstern,Salt Publishing
I Know Why the Caged Bird Sings,Maya Angelou,Sams Publishing
White Oleander,Janet Fitch,Samuel French theater/script publishers
Living Dead In Dallas,Charlaine Harris,Schocken Books
Like Water for Chocolate,Laura Esquivel,Scholastic Press
The Witches,Roald Dahl,Scribner (UK)
Mythology,Edith Hamilton,Seagull Books
A Time to Kill,John Grisham,Secker & Warburg
The Boy in the Striped Pajamas,John Boyne,Serif
The Queen of the Damned (Vampire Chronicles),Anne Rice,Shambhala Publications
Xenocide,Orson Scott Card,Shire Books
Pet Sematary,Stephen King,Shoemaker & Hoard Publishers
Brideshead Revisited,Evelyn Waugh,Shuter & Shooter Publishers
The Woman In White,Wilkie Collins,Sidgwick & Jackson
Ender's Shadow,Orson Scott Card,Signet Books
The Diamond Age,Neal Stephenson,Simon & Schuster
If on a Winter's Night a Traveler,Italo Calvino,Sinclair-Stevenson Ltd
Little House in the Big Woods,Laura Ingalls Wilder,Sounds True
The Tempest,William Shakespeare,Sourcebooks
Infinite Jest,David Foster Wallace,South End Press
The Hunchback of Notre Dame,Victor Hugo,SPCK
Small Gods,Terry Pratchett,Spinsters Ink
Divine Secrets of the Ya-Ya Sisterhood: A Novel,Rebecca Wells,Springer Science 
The Firm,John Grisham,Stanford University Press
Miss Peregrine's Home For Peculiar Children,Ransom Riggs,The Stationery Office
Thus Spoke Zarathustra,Friedrich Nietzsche,Stein and Day
"The Surgeon of Crowthorne : A Tale of Murder, Madness and the Love of Words",Simon Winchester,Summerwild Productions
Ella Enchanted,Gail Carson Levine,Summit Media
The Sandman: Preludes and Nocturnes,Neil Gaiman,SUNY Press
World Without End,Ken Follett,Sylvan Dell Publishing
The Last Olympian,Rick Riordan,T & T Clark
Marley & Me,John Grogan,Tachyon Publications
The Pearl,John Steinbeck,"Tammi, Finland"
Murder on the Orient Express,Agatha Christie,Target Books
Little House on the Prairie,Laura Ingalls Wilder,Tarpaulin Sky Press
The English Patient,Michael Ondaatje,Tartarus Press
Going Postal,Terry Pratchett,Tate Publishing & Enterprises
Tuck Everlasting,Natalie Babbitt,Taunton Press
Starship Troopers,Robert A. Heinlein,Taylor & Francis
The Satanic Verses,Salman Rushdie,Ten Speed Press
The Dragon Reborn,Robert Jordan,Thames & Hudson (UK)
Saturday,Ian McEwan,Thames & Hudson USA
1776,David McCullough,Thieme Medical Publishers
Nickel and Dimed,Barbara Ehrenreich,Third World Press
The Silence Of The Lambs,Thomas Harris,Thomas Nelson
Metamorphoses,Ovid,Ticonderoga Publications
The Elegance of the Hedgehog,Muriel Barbery,Time Inc.
Wolf Hall,Hilary Mantel,Times Books
The Bluest Eye,Toni Morrison,Titan Books
A Wind in the Door,Madeleine L'Engle,Top Shelf Productions
Naked Lunch,William S. Burroughs,Tor Books
Second Foundation,Isaac Asimov,Triangle Books
Confessions of a Shopaholic,Sophie Kinsella,Troubador Press
Journey to the Center of the Earth,Jules Verne,Tupelo Press
Getting Things Done: The Art of Stress-Free Productivity,David Allen,Tuttle Publishing
Nineteen Minutes,Jodi Picoult,Twelveheads Press
Night Watch,Terry Pratchett,Two Dollar Radio
The Man in the High Castle,Philip K. Dick,UCL Press
Cell,Stephen King,United States Government Publishing Office
The Adventures of Sherlock Holmes,Sir Arthur Conan Doyle,Universal Publishers (United States)
Reaper Man,Terry Pratchett,University of Akron Press
Complete Stories and Poems of Edgar Allan Poe,Edgar Allan Poe,University of Alaska Press
Alias Grace,Margaret Atwood,University of British Columbia Press
Disgrace,J. M. Coetzee,University of California Press
Paradise Lost,John Milton,University of Chicago Press
I Know This Much is True,Wally Lamb,University of Michigan Press
About a Boy,Nick Hornby,University of Minnesota Press
"Lamb: The Gospel According to Biff, Christ's Childhood Pal",Christopher Moore,University of Nebraska Press
The Complete Fairy Tales of the Brothers Grimm,Jacob Grimm,University of Pennsylvania Press
The Crying of Lot 49,Thomas Pynchon,University of South Carolina Press
A Swiftly Tilting Planet,Madeleine L'Engle,University of Toronto Press
Ivanhoe,Sir Walter Scott,University of Wales Press
Paper Towns,John Green,University Press of America
Hogfather,Terry Pratchett,University Press of Kansas
Club Dead,Charlaine Harris,University Press of Kentucky
The Immortal Life of Henrietta Lacks,Rebecca Skloot,Usborne Publishing
The Pelican Brief,John Grisham,Valancourt Books
Sarah's Key,Tatiana de Rosnay,Velazquez Press
Notes from Underground,Fyodor Dostoevsky,Verso Books
The Green Mile,Stephen King,Victor Gollancz Ltd
The Sisterhood of the Traveling Pants,Ann Brashares,Viking Press
"The Tale of Despereaux: Being the Story of a Mouse, a Princess, Some Soup and a Spool of Thread",Kate DiCamillo,Vintage Books (US)
Wolves Of The Calla,Stephen King,Vintage Books at Random House (UK)
Death of a Salesman,Arthur Miller,Virago Press
Where the Red Fern Grows,Wilson Rawls,Virgin Publishing
Jonathan Livingston Seagull,Richard Bach,Voyager Books
The Shadow Rising,Robert Jordan,W. H. Allen Ltd
A Million Little Pieces,James Frey,W. W. Norton & Company
The Arctic Incident,Eoin Colfer,Walter de Gruyter
Pyramids,Terry Pratchett,Ward Lock & Co
A Canticle for Leibowitz,Walter M. Miller Jr.,WBusiness Books
Sourcery,Terry Pratchett,Weidenfeld & Nicolson
The Wide Window,Lemony Snicket,Wesleyan University Press
Because of Winn-Dixie,Kate DiCamillo,WestBow Press
Voyager,Diana Gabaldon,Westminster John Knox Press
A Room of One's Own,Virginia Woolf,Wildside Press
The Last of the Mohicans,James Fenimore Cooper,William Edwin Rudge
Smoke and Mirrors,Neil Gaiman,Windgate Press
Stranger in a Strange Land,Robert A. Heinlein,Wipf and Stock
The Yiddish Policemen's Union,Michael Chabon,Wisdom Publications
White Noise,Don DeLillo,Witherby Seamanship
Man's Search for Meaning,Viktor E. Frankl,Woodhead Publishing
Winnie-the-Pooh,A. A. Milne,Wordfarm
If You Give a Mouse a Cookie,Laura Joffe Numeroff,Workman Publishing
Gravity's Rainbow,Thomas Pynchon,World Publishing Company
Utopia,Thomas More,World Scientific Publishing
A Room with a View,E. M. Forster,Wrecking Ball Press
"Alexander and the Terrible, Horrible, No Good, Very Bad Day",Judith Viorst,Wrox Press
The Epic of Gilgamesh,Anonymous,"WSOY, Finland"
The Jungle,Upton Sinclair,Jaico Publishing House
The Portrait of a Lady,Henry James,Jarrolds Publishing
The Hunt for Red October,Tom Clancy,John Lane
A Great and Terrible Beauty,Libba Bray,John Murray
No Country for Old Men,Cormac McCarthy,John Wiley & Sons (Wiley)
Dead To The World,Charlaine Harris,Jones and Bartlett Learning
The Bean Trees,Barbara Kingsolver,Wiley
Julius Caesar,William Shakespeare,Karadi Tales
The Client,John Grisham,Kensington Books
The Selfish Gene,Richard Dawkins,Kessinger Publishing
City of Ashes,Cassandra Clare,Kluwer Academic Publishers
Stuart Little,E. B. White,Kodansha
"One fish, two fish, red fish, blue fish",Dr. Seuss,Kogan Page
The Phantom of the Opera,Gaston Leroux,Koren Publishers Jerusalem
Thud!,Terry Pratchett,KTAV Publishing House
The Neverending Story,Michael Ende,Kumarian Press
Anthem,Ayn Rand,Perseus Books Group
Assassin's Apprentice,Robin Hobb,Peter Lang
The Fires of Heaven,Robert Jordan,Peter Owen Publishers
Suite Française,Irène Némirovsky,Phaidon Press
Harry Potter Box Set(Books 1-7),J. K. Rowling,Philosophy Documentation Center
Lost in a Good Book,Jasper Fforde,Philtrum Press
Bag of Bones,Stephen King,Picador UK
Fantastic Beasts and Where to Find Them,J. K. Rowling,Pimlico Books at Random House
Stiff: The Curious Lives of Human Cadavers,Mary Roach,Playwrights Canada Press
Wizard's First Rule,Terry Goodkind,Pluto Press
Gilead,Marilynne Robinson,Point Blank
The Man Who Mistook His Wife for a Hat and Other Clinical Tales,Oliver Sacks,Poisoned Pen Press
The Velveteen Rabbit,Margery Williams,Policy Press
Insurgent,Veronica Roth,Polity
Pride and Prejudice and Zombies,Seth Grahame-Smith,Practical Action
How to Win Friends and Influence People,Dale Carnegie,Prentice Hall
The Wee Free Men,Terry Pratchett,Prime Books
The Heart Is a Lonely Hunter,Carson McCullers,Princeton University Press
The Maze Runner,James Dashner,Profile Books
Men at Arms,Terry Pratchett,Progress Publishers
Song Of Susannah,Stephen King,Prometheus Books
Diary of a Wimpy Kid,Jeff Kinney,Puffin Books
A Light in the Attic,Shel Silverstein,Que Publishing
The Dark Tower,Stephen King,Quebecor
The Godfather,Mario Puzo,Quirk Books
Lord of Chaos,Robert Jordan,Random House
Under The Dome,Stephen King,Reed Elsevier
Notes from a Small Island,Bill Bryson,Reed Publishing - previously A.H. & A.W. Reed
Soul Music,Terry Pratchett,Remington & Co
The Rainmaker,John Grisham,Riverhead Books
The Eternity Code,Eoin Colfer,Robert Hale Publishing
The Complete Sherlock Holmes,Arthur Conan Doyle,Robson Books
People of the Book,Geraldine Brooks,Rock Scorpion Books
A Connecticut Yankee in King Arthur's Court,Mark Twain,Rodopi
The Testament,John Grisham,Routledge Kegan Paul
The Sirens of Titan,"Kurt Vonnegut, Jr.",Rowman & Littlefield
The Runaway Jury,John Grisham,Royal Society of Chemistry
Doctor Zhivago,Boris Pasternak,Russell Square Publishing
All the Pretty Horses,Cormac McCarthy,SAGE Publications
The New York Trilogy,Paul Auster,St. Martin's Press
Sabriel,Garth Nix,Salt Publishing
Silas Marner,George Eliot,Sams Publishing
The Moon is a Harsh Mistress,Robert A. Heinlein,Samuel French theater/script publishers
V for Vendetta,Alan Moore,Schocken Books
The Fifth Elephant,Terry Pratchett,Scholastic Press
Far from the Madding Crowd,Thomas Hardy,Scribner (UK)
On Beauty,Zadie Smith,Seagull Books
Something Wicked This Way Comes,Ray Bradbury,Secker & Warburg
Thief of Time,Terry Pratchett,Serif
Heidi,Johanna Spyri,Shambhala Publications
God Emperor of Dune,Frank Herbert,Shire Books
Feet of Clay,Terry Pratchett,Shoemaker & Hoard Publishers
The History of Love: A Novel,Nicole Krauss,Shuter & Shooter Publishers
"Oh, the Places You'll Go!",Dr. Seuss,Sidgwick & Jackson
Hard Times,Charles Dickens,Signet Books
A Long Way Down,Nick Hornby,Simon & Schuster
The Absolutely True Diary of a Part-Time Indian,Sherman Alexie,Sinclair-Stevenson Ltd
Dead As A Doornail,Charlaine Harris,Sounds True
Witches Abroad,Terry Pratchett,Sourcebooks
Drums of Autumn,Diana Gabaldon,South End Press
Prey,Michael Crichton,SPCK
Jude the Obscure,Thomas Hardy,Spinsters Ink
Blood Meridian or the Evening Redness in the West,Cormac McCarthy,Springer Science 
Quicksilver,Neal Stephenson,Stanford University Press
Insomnia,Stephen King,The Stationery Office
The Merchant of Venice,William Shakespeare,Stein and Day
The Moonstone,Wilkie Collins,Summerwild Productions
Needful Things,Stephen King,Summit Media
Anne of Avonlea,L. M. Montgomery,SUNY Press
Hyperion,Dan Simmons,Sylvan Dell Publishing
A Crown of Swords,Robert Jordan,T & T Clark
Redwall,Brian Jacques,Tachyon Publications
The Eyes of the Dragon,Stephen King,"Tammi, Finland"
Prodigal Summer,Barbara Kingsolver,Target Books
Swann's Way,Marcel Proust,Tarpaulin Sky Press
The Histories,Herodotus,Tartarus Press
Survivor,Chuck Palahniuk,Tate Publishing & Enterprises
The Bourne Identity,Robert Ludlum,Taunton Press
Song of Solomon,Toni Morrison,Taylor & Francis
The Importance of Being Earnest,Oscar Wilde,Ten Speed Press
Pattern Recognition,William Gibson,Thames & Hudson (UK)
Inkspell,Cornelia Funke,Thames & Hudson USA
Leaves of Grass,Walt Whitman,Thieme Medical Publishers
The Witching Hour,Anne Rice,Third World Press
Lords and Ladies,Terry Pratchett,Thomas Nelson
The Miserable Mill,Lemony Snicket,Ticonderoga Publications
Fragile Things: Short Fictions and Wonders,Neil Gaiman,Time Inc.
The White Tiger,Aravind Adiga,Times Books
The Great Divorce,C. S. Lewis,Titan Books
Fool Moon,Jim Butcher,Top Shelf Productions
The Ocean at the End of the Lane,Neil Gaiman,Tor Books
Corduroy,Don Freeman,Triangle Books
Definitely Dead,Charlaine Harris,Troubador Press
Sphere,Michael Crichton,Tupelo Press
Hard-Boiled Wonderland and the End of the World,Haruki Murakami,Tuttle Publishing
Empire Falls,Richard Russo,Twelveheads Press
The Lost World,Michael Crichton,Two Dollar Radio
Moving Pictures,Terry Pratchett,UCL Press
Perdido Street Station,China Miéville,United States Government Publishing Office
Bridget Jones: The Edge of Reason,Helen Fielding,Universal Publishers (United States)
A Walk to Remember,Nicholas Sparks,University of Akron Press
Quidditch Through the Ages,J. K. Rowling,University of Alaska Press
Out of the Silent Planet,C. S. Lewis,University of British Columbia Press
The Year of Magical Thinking,Joan Didion,University of California Press
A Fine Balance,Rohinton Mistry,University of Chicago Press
Ringworld,Larry Niven,University of Michigan Press
The Westing Game,Ellen Raskin,University of Minnesota Press
The Talisman,Stephen King,University of Nebraska Press
Sons and Lovers,D. H. Lawrence,University of Pennsylvania Press
When You Are Engulfed in Flames,David Sedaris,University of South Carolina Press
Cat's Eye,Margaret Atwood,University of Toronto Press
11/22/1963,Stephen King,University of Wales Press
The Andromeda Strain,Michael Crichton,University Press of America
Thirteen Reasons Why,Jay Asher,University Press of Kansas
"Brown Bear, Brown Bear, What Do You See?","Bill Martin, Jr.",University Press of Kentucky
In a Sunburned Country,Bill Bryson,Usborne Publishing
Maus I: A Survivor's Tale: My Father Bleeds History,Art Spiegelman,Valancourt Books
Orlando,Virginia Woolf,Velazquez Press
The Path of Daggers,Robert Jordan,Verso Books
Jingo,Terry Pratchett,Victor Gollancz Ltd
The Partner,John Grisham,Viking Press
The Invention of Hugo Cabret,Brian Selznick,Vintage Books (US)
Monstrous Regiment,Terry Pratchett,Vintage Books at Random House (UK)
Lullaby,Chuck Palahniuk,Virago Press
Howl's Moving Castle,Diana Wynne Jones,Virgin Publishing
Freedom,Jonathan Franzen,Voyager Books
White Fang,Jack London,W. H. Allen Ltd
The Big Sleep,Raymond Chandler,W. W. Norton & Company
Hannibal,Thomas Harris,Walter de Gruyter
A Widow for One Year,John Irving,Ward Lock & Co
Foundation's Edge,Isaac Asimov,WBusiness Books
Kitchen Confidential: Adventures in the Culinary Underbelly,Anthony Bourdain,Weidenfeld & Nicolson
Guilty Pleasures,Laurell K. Hamilton,Wesleyan University Press
Carpe Jugulum,Terry Pratchett,WestBow Press
The Girl On The Train,Paul A. Hawkins,Westminster John Knox Press
Cannery Row,John Steinbeck,Wildside Press
The Martian,Andy Weir,William Edwin Rudge
City of Glass,Cassandra Clare,Windgate Press
The Nanny Diaries,Emma McLaughlin,Wipf and Stock
The Audacity of Hope: Thoughts on Reclaiming the American Dream,Barack Obama,Wisdom Publications
The City of Ember,Jeanne DuPrau,Witherby Seamanship
The Children of Húrin,J. R. R. Tolkien,Woodhead Publishing
Breakfast at Tiffany's: A Short Novel and Three Stories,Truman Capote,Wordfarm
Cutting for Stone,Abraham Verghese,Workman Publishing
An Abundance of Katherines,John Green,World Publishing Company
The House of Mirth,Edith Wharton,World Scientific Publishing
Nausea,Jean-Paul Sartre,Wrecking Ball Press
Stargirl,Jerry Spinelli,Wrox Press
Maskerade,Terry Pratchett,"WSOY, Finland"
The Snowy Day,Ezra Jack Keats,Jaico Publishing House
Twelfth Night,William Shakespeare,Jarrolds Publishing
"Surely you're joking, Mr. Feynman! : adventures of a curious character",Richard Feynman,Horizon Scientific Press (UK)
Bird by Bird: Some Instructions on Writing and Life,Anne Lamott,Houghton Mifflin
Red Dragon,Thomas Harris,House of Anansi Press
Chicka Chicka Boom Boom,Bill Jr. Martin,The House of Murky Depths (UK)
The Austere Academy,Lemony Snicket,Howell-North Books
Stranger in a Strange Land (Uncut Edition),Robert A. Heinlein,Huffington Post
"Unbroken: A World War II Story of Survival, Resilience, and Redemption",Laura Hillenbrand,Humana Press
Ethan Frome,Edith Wharton,Hutchinson
The Goldfinch,Donna Tartt,Hyperion
Graceling,Kristin Cashore,Balbharati
The Story of Edgar Sawtelle,David Wroblewski,Ian Allan Publishing
Childhood's End,Arthur C. Clarke,IGI Global[1]
The Street Lawyer,John Grisham,Ignatius Press
The Dead Zone,Stephen King,Imperial War Museum
A Painted House,John Grisham,Riverhead Books
The Pact,Jodi Picoult,Robert Hale Publishing
The Bonfire of the Vanities,Tom Wolfe,Robson Books
The Red Badge of Courage,Stephen Crane,Rock Scorpion Books
Winter's Heart,Robert Jordan,Rodopi
Persepolis: The Story of a Childhood,Marjane Satrapi,Routledge Kegan Paul
The Well of Lost Plots,Jasper Fforde,Rowman & Littlefield
The Name of the Rose / Postscript to The Name of the Rose,Umberto Eco,Royal Society of Chemistry
Pretties,Scott Westerfeld,Russell Square Publishing
Confessions of an Ugly Stepsister,Gregory Maguire,SAGE Publications
The Tale of the Body Thief,Anne Rice,St. Martin's Press
On Chesil Beach,Ian McEwan,Salt Publishing
Marked,P. C. Cast,Sams Publishing
Rendezvous With Rama,Arthur C. Clarke,Samuel French theater/script publishers
Ready Player One,Ernest Cline,Schocken Books
All Together Dead,Charlaine Harris,Scholastic Press
Dreams from My Father: A Story of Race and Inheritance,Barack Obama,Scribner (UK)
Orestia,Aeschylus,Seagull Books
The Invisible Man,H. G. Wells,Secker & Warburg
Children of the Mind,Orson Scott Card,Serif
The Rule of Four,Ian Caldwell,Shambhala Publications
The Broker,John Grisham,Shire Books
Everything's Eventual,Stephen King,Shoemaker & Hoard Publishers
Two for the Dough,Janet Evanovich,Shuter & Shooter Publishers
"The Elegant Universe: Superstrings, Hidden Dimensions, and the Quest for the Ultimate Theory",Brian Greene,Sidgwick & Jackson
The Awakening,Kate Chopin,Signet Books
Flatland: A Romance of Many Dimensions,Edwin A. Abbott,Simon & Schuster
The Fiery Cross,Diana Gabaldon,Sinclair-Stevenson Ltd
Much Ado About Nothing,William Shakespeare,Sounds True
Light in August,William Faulkner,Sourcebooks
Desperation,Stephen King,South End Press
The Brethren,John Grisham,SPCK
How to Be Good,Nick Hornby,Spinsters Ink
Invisible Monsters,Chuck Palahniuk,Springer Science 
The Metamorphosis,Franz Kafka,Stanford University Press
I Capture the Castle,Dodie Smith,The Stationery Office
Year of Wonders,Geraldine Brooks,Stein and Day
The Alienist,Caleb Carr,Summerwild Productions
The Plot Against America,Philip Roth,Summit Media
Unfinished Tales of Númenor and Middle-earth,J. R. R. Tolkien,SUNY Press
The Last Lecture,Randy Pausch,Sylvan Dell Publishing
The Witch of Blackbird Pond,Elizabeth George Speare,T & T Clark
The Tale of Peter Rabbit,Beatrix Potter,Tachyon Publications
Cujo,Stephen King,"Tammi, Finland"
"Cry, the Beloved Country",Alan Paton,Target Books
Fifty Shades of Grey,E. L. James,Tarpaulin Sky Press
Daughter of Fortune,Isabel Allende,Tartarus Press
The Art of Racing in the Rain,Garth Stein,Tate Publishing & Enterprises
Under the Banner of Heaven: A Story of Violent Faith,Jon Krakauer,Taunton Press
Olive Kitteridge,Elizabeth Strout,Taylor & Francis
Master and Commander,Patrick O'Brian,Ten Speed Press
All the Light We Cannot See,Anthony Doerr,Thames & Hudson (UK)
The Ersatz Elevator,Lemony Snicket,Thames & Hudson USA
Dreamcatcher,Stephen King,Thieme Medical Publishers
The Decameron,Giovanni Boccaccio,Third World Press
The Opal Deception,Eoin Colfer,SAGE Publications
Memnoch the Devil,Anne Rice,St. Martin's Press
"I, Claudius",Robert Graves,Salt Publishing
Kidnapped,Robert Louis Stevenson,Sams Publishing
Team of Rivals: The Political Genius of Abraham Lincoln,Doris Kearns Goodwin,Samuel French theater/script publishers
Firestarter,Stephen King,Schocken Books
A Moveable Feast,Ernest Hemingway,Scholastic Press
This Side of Paradise,F. Scott Fitzgerald,Scribner (UK)
State of Fear,Michael Crichton,Seagull Books
Dragonflight,Anne McCaffrey,Secker & Warburg
Tropic of Cancer,Henry Miller,Serif
The Amulet of Samarkand,Jonathan Stroud,Shambhala Publications
The Red and the Black,Stendhal,Shire Books
Odd Thomas,Dean Koontz,Shoemaker & Hoard Publishers
The Last Continent,Terry Pratchett,Shuter & Shooter Publishers
Son of a Witch,Gregory Maguire,Sidgwick & Jackson
Meditations,Marcus Aurelius,Signet Books
Eric,Terry Pratchett,Simon & Schuster
The Dispossessed,Ursula K. Le Guin,Sinclair-Stevenson Ltd
The House on Mango Street,Sandra Cisneros,Sounds True
The Girl Who Loved Tom Gordon,Stephen King,Sourcebooks
The Forever War,Joe Haldeman,A. C. McClurg
The Tommyknockers,Stephen King,A. S. Barnes
Crossroads of Twilight,Robert Jordan,Abilene Christian University Press
The Magic Mountain,Thomas Mann,Ablex Publishing
The Pilot's Wife,Anita Shreve,Academic Press
Go Ask Alice,Beatrice Sparks,Ace Books
Nicomachean Ethics,Aristotle,Addison Wesley
The Chamber,John Grisham,Adis International
Anne of the Island,L. M. Montgomery,Airiti Press
America (The Book): A Citizen's Guide to Democracy Inaction,Jon Stewart,Akashic Books
The Thief Lord,Cornelia Funke,Aladdin Paperbacks
From Dead To Worse,Charlaine Harris,Alfred A. Knopf
Beyond Good and Evil: Prelude to a Philosophy of the Future,Friedrich Nietzsche,Allen & Unwin
The Maltese Falcon,Dashiell Hammett,Allison and Busby
"Roll of Thunder, Hear My Cry",Mildred D. Taylor,Alyson Books
Lord Jim,Joseph Conrad,American Graphics Institute
The Truth,Terry Pratchett,André Deutsch
Chronicle of a Death Foretold,Gabriel Garcia Marquez,Andrews McMeel Publishing
Different Seasons,Stephen King,Anova Books 
The Valley of Horses,Jean M. Auel,Anvil Press Poetry
The Tao of Pooh,Benjamin Hoff,Applewood Books
The Sandman: The Doll's House,Neil Gaiman,Apress
Howards End,E. M. Forster,Arbor House
Mrs. Frisby and the Rats of NIMH,Robert C. O'Brien,Arbordale Publishing
Interesting Times,Terry Pratchett,Arcade Publishing
The Bhagavad Gita,Barbara Stoler Miller,Arcadia Publishing
Dead Souls,Nikolai Gogol,Arkham House
Grave Peril,Jim Butcher,Armida Publications
Captain Corelli's Mandolin,Louis De Bernières,ArtScroll
The True Story of the Three Little Pigs,Jon Scieszka,Athabasca University Press
Longitude: The True Story of a Lone Genius Who Solved the Greatest Scientific Problem of His Time,Dava Sobel,Atheneum Books
"Tis, a Memoir",Frank McCourt,Atheneum Publishers
The Passage,Justin Cronin,Atlantic Books
Holidays on Ice: Stories,David Sedaris,Atlas Press
Little Bee: A Novel,Chris Cleave,ATOM Books
Wild Swans: Three Daughters of China,Jung Chang,Atria Publishing Group
"A Child Called ""It""",Dave Pelzer,Augsburg Fortress
Invisible Cities,Italo Calvino,Aunt Lute Books
Making Money,Terry Pratchett,Austin Macauley Publishers
The Killer Angels,Michael Shaara,Avon Publications
Tales of a Fourth Grade Nothing,Judy Blume,Arihant Publishers
The Bonesetter's Daughter,Amy Tan,B & W Publishing
Contact,Carl Sagan,Baen Books
Of Human Bondage,W. Somerset Maugham,Baker Book House
A Breath of Snow and Ashes,Diana Gabaldon,Ballantine Books
Fried Green Tomatoes at the Whistle Stop Cafe,Fannie Flagg,Banner of Truth Trust
Night Shift,Stephen King,Bantam Books
The Tombs of Atuan,Ursula K. Le Guin,Bantam Spectra
The Federalist Papers,Alexander Hamilton,Barrie & Jenkins
Charlie and the Great Glass Elevator,Roald Dahl,Basic Books
Dr. Seuss's ABC: An Amazing Alphabet Book!,Dr. Seuss,BBC Books
Are You My Mother?,P. D. Eastman,Beacon Publishing
Shogun: A Novel of Japan,James Clavell,Belknap Press
Chocolat,Joanne Harris,Bella Books
The Hotel New Hampshire,John Irving,Bellevue Literary Press
"Animal, Vegetable, Miracle: A Year of Food Life",Barbara Kingsolver,Berg Publishers
On the Banks of Plum Creek,Laura Ingalls Wilder,Berkley Books
"Sarah, Plain and Tall",Patricia MacLachlan,Bison Books
The Last Juror,John Grisham,Black Dog Publishing
Underworld,Don DeLillo,Black Library
The Angel's Game,Carlos Ruiz Zafón,Black Sparrow Books
The Vile Village,Lemony Snicket,Blackie and Son Limited
In the Woods,Tana French,Blackstaff Press
Villette,Charlotte Brontë,Blackwell Publishing
Case Histories: A Novel,Kate Atkinson,Blake Publishing
The Mill on the Floss,George Eliot,Bloodaxe Books
The Pickwick Papers,Charles Dickens,Bloomsbury Publishing Plc
Christine,Stephen King,Blue Ribbon Books
The Dark Is Rising,Susan Cooper,Bobbs-Merrill Company
Three to Get Deadly,Janet Evanovich,Bogle-L'Ouverture Publications
The Hero with a Thousand Faces,Joseph Campbell,Book League of America
God Is Not Great : How Religion Poisons Everything,Christopher Hitchens,Book Works
The Imitation of Christ,Thomas à Kempis,Booktrope
The Summons,John Grisham,Borgo Press
The Mammoth Hunters,Jean M. Auel,Boundless
Walk Two Moons,Sharon Creech,Bowes & Bowes
The Hostile Hospital,Lemony Snicket,Boydell & Brewer
The King of Torts,John Grisham,Broadside Lotus Press
Holy Bible: King James Version,American Bible Society,Breslov Research Institute
The Mayor of Casterbridge,Thomas Hardy,Brill Publishers
Bossypants,Tina Fey,Brimstone Press
Haunted,Chuck Palahniuk,Broadview Press
The Twits,Roald Dahl,Burns & Oates
The Magicians,Lev Grossman,Butterworth-Heinemann
The Autobiography of Malcolm X,Malcolm X,ABP Group
Baudolino,Umberto Eco,Caister Academic Press UK
Tom Jones,Henry Fielding,Cambridge University Press UK
The Illustrated Man,Ray Bradbury,Candlewick Press
Congo,Michael Crichton,Candy Jar Books
Dead and Gone,Charlaine Harris,Canongate Books
The Dante Club,Matthew Pearl,"Carcanet Press, Manchester"
Trainspotting,Irvine Welsh,Carlton Books UK
My Side of the Mountain,Jean Craighead George,Carlton Publishing Group UK
Four to Score,Janet Evanovich,Carnegie Mellon University Press
Perelandra,C. S. Lewis,Casemate Publishers
Something Rotten,Jasper Fforde,Cassava Republic Press
Fathers and Sons,Ivan Turgenev,Cassell
A Hat Full of Sky,Terry Pratchett,Cengage Learning
Miss Smilla's Feeling for Snow,Peter Høeg,Central European University Press
A Wild Sheep Chase,Haruki Murakami,Century
Anathem,Neal Stephenson,Chambers Harrap
The Angel Experiment,James Patterson,Charles Scribner's Sons
Rosencrantz and Guildenstern Are Dead,Tom Stoppard,Chatto and Windus
Nightmares & Dreamscapes,Stephen King,Chick Publications
Amsterdam,Ian McEwan,Chronicle Books
Hearts In Atlantis,Stephen King,Churchill Livingstone
The Robber Bride,Margaret Atwood,Cisco Press
The Slippery Slope,Lemony Snicket,City Lights Publishers
The House of the Seven Gables,Nathaniel Hawthorne,Cloverdale Corporation
The Dark Half,Stephen King,Cold Spring Harbor Laboratory Press
The Carnivorous Carnival,Lemony Snicket,Collector's Guide Publishing
The Trumpet of the Swan,E. B. White,Collins
Wintersmith,Terry Pratchett,Columbia University Press
Who Moved My Cheese?,Spencer Johnson,Concordia Publishing House
1st To Die,James Patterson,Constable & Co Ltd
Love You Forever,Robert Munsch,Continuum International Publishing Group
Diary,Chuck Palahniuk,Copper Canyon Press
Gathering Blue,Lois Lowry,Cork University Press
Maniac Magee,Jerry Spinelli,Cornell University Press
Galápagos,"Kurt Vonnegut, Jr.",Coronet Books
High Five,Janet Evanovich,Craftsman Book Company
We Need To Talk About Kevin,Lionel Shriver,CRC Press
Skeleton Crew,Stephen King,Cresset Press
Matched,Ally Condie,Crocker & Brewster
I'm a Stranger Here Myself: Notes on Returning to America After 20 Years Away,Bill Bryson,Crown Publishing Group
Heretics of Dune,Frank Herbert,Jaypee Brothers
Specials,Scott Westerfeld,D. Appleton & Company
The Jungle Book,Rudyard Kipling,D. Reidel
Knife of Dreams,Robert Jordan,Da Capo Press
Kim,Rudyard Kipling,Daedalus Publishing
Guess How Much I Love You,Sam McBratney,Dalkey Archive Press
Royal Assassin,Robin Hobb,Darakwon Press
Prelude to Foundation,Isaac Asimov,David & Charles
"-5,777",,DAW Books
Summer Knight,Jim Butcher,Dedalus Books
Travels with Charley: In Search of America,John Steinbeck,Del Rey Books
Fingersmith,Sarah Waters,Delacorte Press
The Return of the Native,Thomas Hardy,Deseret Book
Shadow of the Hegemon,Orson Scott Card,Dick and Fitzgerald
Duma Key,Stephen King,Directmedia Publishing
Lisey's Story,Stephen King,DNA Publications
The Dharma Bums,Jack Kerouac,Dobson Books
Quiet: The Power of Introverts in a World That Can't Stop Talking,Susan Cain,"Dodd, Mead and Company"
Pawn of Prophecy,David Eddings,Dorchester Publishing
The Casual Vacancy,J. K. Rowling,Dorling Kindersley
American Pastoral,Philip Roth,Doubleday
Pale Fire,Vladimir Nabokov,Douglas & McIntyre
The Hobbit and The Lord of the Rings,J. R. R. Tolkien,Dove Medical Press
The Mermaid Chair,Sue Monk Kidd,Dover Publications
Wide Sargasso Sea,Jean Rhys,Dundurn Group
The Mother Tongue,Bill Bryson,Gita Press
Make Way for Ducklings,Robert McCloskey,E. P. Dutton
"Girl, Interrupted",Susanna Kaysen,Earthscan
Seven Up,Janet Evanovich,ECW Press
Doomsday Book,Connie Willis,Eel Pie Publishing
Hot Six,Janet Evanovich,Eerdmans Publishing
The Black Swan: The Impact of the Highly Improbable,Nassim Nicholas Taleb,Elliot Stock
Foundation and Earth,Isaac Asimov,Ellora's Cave
The Lies of Locke Lamora,Scott Lynch,Elsevier
The Murder of Roger Ackroyd,Agatha Christie,Emerald Group Publishing
Just So Stories,Rudyard Kipling,Etruscan Press
Allegiant,Veronica Roth,Europa Press
In Defense of Food: An Eater's Manifesto,Michael Pollan,Everyman's Library
The Kitchen God's Wife,Amy Tan,Ewha Womans University Press
The Castle,Franz Kafka,Exact Change
"Bud, Not Buddy",Christopher Paul Curtis,Express Publishing
Red Mars,Kim Stanley Robinson,Tata Publishers
The Sword of Shannara,Terry Brooks,Faber and Faber
The Scarlet Pimpernel,"Emmuska, Baroness Orczy",FabJob
A Discovery of Witches,Deborah Harkness,Fairview Press
Her Fearful Symmetry,Audrey Niffenegger,"Farrar, Straus & Giroux"
Shiver,Maggie Stiefvater,Fearless Books
Dolores Claiborne,Stephen King,Felony & Mayhem Press
Mona Lisa Overdrive,William Gibson,Firebrand Books
His Majesty's Dragon,Naomi Novik,Flame Tree Publishing
Veronika Decides to Die,Paulo Coelho,Focal Press
Portnoy's Complaint,Philip Roth,Folio Society
Seabiscuit: An American Legend,Laura Hillenbrand,Forum Media Group
The Long Winter,Laura Ingalls Wilder,Four Courts Press
The Lost Hero,Rick Riordan,Four Walls Eight Windows
The Taming of the Shrew,William Shakespeare,"Frederick Fell Publishers, Inc."
Can You Keep A Secret?,Sophie Kinsella,Frederick Warne & Co
The Screwtape Letters,C. S. Lewis,Free Press
Labyrinth,Kate Mosse,Fulcrum Press
Special Topics in Calamity Physics,Marisha Pessl,Funk & Wagnalls
Welcome to the Monkey House,"Kurt Vonnegut, Jr.",Indian Books Center
Gerald's Game,Stephen King,G. P. Putnam's Sons
The Inheritance of Loss,Kiran Desai,G-Unit Books
The Tin Drum,Günter Grass,Gaspereau Press
Hard Eight,Janet Evanovich,Gay Men's Press
The Farthest Shore,Ursula K. Le Guin,Gefen Publishing House
Four Past Midnight,Stephen King,George H. Doran Company
Tears of the Giraffe,Alexander McCall Smith,George Newnes
The Sonnets,William Shakespeare,George Routledge & Sons
Farmer Boy,Laura Ingalls Wilder,Godwit Press
Hoot,Carl Hiaasen,Golden Cockerel Press
By the Shores of Silver Lake,Laura Ingalls Wilder,The Good Book Company (UK)
Dear John,Nicholas Sparks,Good News Publishers
The Quiet American,Graham Greene,Goops Unlimited
A History of God,Karen Armstrong,Leaf Books
Bury My Heart at Wounded Knee: An Indian History of the American West,Dee Brown,Leafwood Publishers
The Sweetness at the Bottom of the Pie,Alan Bradley,Left Book Club
Till We Have Faces,C. S. Lewis,Legend Books
To The Nines,Janet Evanovich,Legend Press